01;;Alimentare;13.120,23;0;-13.120,23;
;01.01;Spese alimentari (titancoop, Baguette, etc..);10.187,01;0;-10.187,01;
;01.02;cene e ristoranti;2.517,92;0;-2.517,92;
;01.03;asporto;0;0;0;
;01.04;bar e spizzichi;209,8;0;-209,8;
;01.05;Mensa;0;0;0;
;01.06;Caffe;205,5;0;-205,5;
;01.10;altri;0;0;0;
02;;Automezzi;4.547,07;0;-4.547,07;
;02.01;Auto AUDI;2.689,96;0;-2.689,96;
;;02.01.01Benzina e/o gasolio;2.499,96;0;-2.499,96;
;;02.01.02Gomme;140;0;-140;
;;02.01.03Revisione e/o bollo;0;0;0;
;;02.01.04tagliando;0;0;0;
;;02.01.05Accessori;50;0;-50;
;02.02;Auto Vitara Eug;821;0;-821;
;;02.02.01Benzina e/o gasolio;0;0;0;
;;02.02.02Gomme;0;0;0;
;;02.02.03Revisione e/o bollo;163;0;-163;
;;02.02.04tagliando;0;0;0;
;02.03;Moto BMW GS 1250;295;0;-295;
;02.04;Moto No. 2;0;0;0;
;02.05;Bici No. 1;385;0;-385;
;02.06;Bici No. 2;0;0;0;
;02.07;Autostrada;356,11;0;-356,11;
;;02.07.08Noleggio Auto;0;0;0;
;02.08;Noleggio Auto;0;0;0;
03;;Divertimenti;1.333,94;0;-1.333,94;
;03.01;teatro;26,5;0;-26,5;
;03.02;cinema;0;0;0;
;03.03;concerti;0;0;0;
;03.04;Musei;0;0;0;
;03.05;Libri;367,41;0;-367,41;
;;03.05.01Acquisto Libri Amazon Kindle;8,99;0;-8,99;
;;03.05.02Acquisto Libri Kobo;0;0;0;
;;03.05.03Abbonamenti a Giornali;358,42;0;-358,42;
;03.06;Acquisto Corsi Internet;0;0;0;
;03.07;Abbonamento TV;878,03;0;-878,03;
;03.08;Associazioni Culturali;62;0;-62;
04;;Viaggi e Vacanze;427,95;46;-381,95;
;04.01;Costo biglietti, treno, aereo;46;0;-46;
;04.02;Hotel;381,95;0;-381,95;
;04.03;Noleggio mezzi;0;0;0;
;;04.03.01Noleggio auto;0;0;0;
;;04.03.02Noleggio bici;0;0;0;
;;04.03.03Bus Turistici;0;0;0;
;;04.03.04Noleggio Sci;0;0;0;
;;04.03.05Ski Pass;0;0;0;
;04.04;Viaggi Organizzati;0;0;0;
;;04.04.01Viaggi Organizzati;0;0;0;
05;;Finanza e Banche;89.419,56;80.349,34;-9.070,22;
;05.01;SMAC Card;0;0;0;
;05.02;Assegni vari;0;0;0;
;05.03;Rendite, Stipendi e pensioni;60.080;76.736,12;16.656,12;
;;05.03.01Stipendi;0;0;0;
;;05.03.02Pensione;0;70.824,12;70.824,12;
;;05.03.03Affitti percepiti;0;5.912;5.912;
;;05.03.04Eredita;60.080;0;-60.080;
;05.04;Giroconto fra banche;5.000;0;-5.000;
;05.05;Donazioni Varie;0;0;0;
;05.10;Banca CaRisp;9.664,49;23,72;-9.640,77;
;;05.10.01Interessi bancario Carisp;0;23,72;23,72;
;;05.10.02Comissione Carisp;4,1;0;-4,1;
;;05.10.03Costo manutenzione conto Carisp;260,39;0;-260,39;
;;05.10.04Investimenti Carisp;0;0;0;
;;05.10.05Trasferimenti denaro Carisp;0;0;0;
;;05.10.06Prelev. Bancomat Carisp;9.400;0;-9.400;
;05.20;Banca BSI;4.300,83;2.087,62;-2.213,21;
;;05.20.01Interessi bancari BSI;0;183,03;183,03;
;;05.20.02Comissioni BSI;25,25;0;-25,25;
;;05.20.03Costo manutenzione conto BSI;77,13;0;-77,13;
;;05.20.04Investimenti BSI;0;0;0;
;;05.20.05Trasferimenti denaro BSI;2.358,45;1.904,59;-453,86;
;;05.20.06Prelev. Bancomat BSI;1.840;0;-1.840;
;05.30;BKN301 Cla;1.309,42;0;-1.309,42;
;05.31;WISE Brussel;6.250;1.501,88;-4.748,12;
;05.40;BKN301 Eug;933,81;0;-933,81;
;05.50;Assicurazione Pancotti;841;0;-841;
;05.60;Assicurazione Unipol;318,01;0;-318,01;
;05.70;Assicurazione Zurich;403;0;-403;
;05.80;Assicurazione Allianz;319;0;-319;
06;;Famiglia;1.947,22;0;-1.947,22;
;06.01;Alessandro;1.899,22;0;-1.899,22;
;;06.01.01Riscatto Laurea;1.499,22;0;-1.499,22;
;;06.01.03Regali Alessandro;400;0;-400;
;06.02;Andrea;0;0;0;
;;06.02.01uno e basta;0;0;0;
;;06.02.02anche secondo se mi va';0;0;0;
;;06.02.04Regali Andrea;0;0;0;
;06.03;Lucia;0;0;0;
;06.04;Regali;48;0;-48;
;06.06;Nonna;0;0;0;
10;;E-commerce;431,88;0;-431,88;
;10.01;Amazon;431,88;0;-431,88;
;;10.01.01Accrediti/Addebiti da amazon;0;0;0;
;;10.01.02Spese su Amazon;0;0;0;
;10.02;Alibaba;0;0;0;
20;;Salute e Medicina;5.361,35;0;-5.361,35;
;20.01;Spese in farmacia;1.692,06;0;-1.692,06;
;20.02;Spese presso specialisti medici;457,15;0;-457,15;
;;20.02.01Dentista;175;0;-175;
;;20.02.02Fisio terapista;0;0;0;
;;20.02.03Ottico;0;0;0;
;;20.02.04Amplifon,Otorino;0;0;0;
;;20.02.05Ospedali;36,15;0;-36,15;
;20.03;Wellfare;1.633,29;0;-1.633,29;
;;20.03.01Barbiere;0;0;0;
;;20.03.02Parucchiere;140;0;-140;
;;20.03.03Estetista;713,29;0;-713,29;
;;20.03.04Sport e/o palestra;780;0;-780;
;20.10;Abbigliamento;1.578,85;0;-1.578,85;
;;20.10.10Abbigliamento uomo;470,6;0;-470,6;
;;20.10.20Abbigliamento donna;810,76;0;-810,76;
;;20.10.30Abbigliamento bambino;0;0;0;
;20.15;Regali vari;0;0;0;
;20.20;Spese scuola e/o scolastiche;0;0;0;
30;;Casa;14.143,43;0;-14.143,43;
;30.01;spese manutenzione casa;12.132,64;0;-12.132,64;
;;30.01.01Idraulico per la casa;10,5;0;-10,5;
;;30.01.02Manutenzione Caldaia;123,6;0;-123,6;
;;30.01.03Spese GE.CO o geco;723,73;0;-723,73;
;;30.01.04Foto voltaico (OBSOLETO);0;0;0;
;;30.01.05Elettricista per la casa;0;0;0;
;;30.01.06Imbianchino per la casa;0;0;0;
;;30.01.07Falegname per la casa;0;0;0;
;;30.01.08Architetto per la casa;4.400;0;-4.400;
;;30.01.10Accessori X la casa;859,97;0;-859,97;
;;30.01.11Televisione;280;0;-280;
;;30.01.12Sanatoria;1.636,54;0;-1.636,54;
;;30.01.13Avvocati X S. Michele;0;0;0;
;;30.01.15Giardinaggio;322,39;0;-322,39;
;;30.01.20Rifacimenti della casa;0;0;0;
;;30.01.99Spese ausiliarie;3.112;0;-3.112;
;30.02;Azienda dei Servizi;1.084,59;0;-1.084,59;
;;30.02.01Luce;493,56;0;-493,56;
;;30.02.02Acqua;233,33;0;-233,33;
;;30.02.03Gas;357,7;0;-357,7;
;30.03;Giardinaggio per la casa;0;0;0;
;30.04;telefono;364,2;0;-364,2;
;30.05;foto voltaico;100;0;-100;
;30.06;Uffici Stato;462;0;-462;
;30.07;Internet;0;0;0;
;30.08;Software;0;0;0;
;30.50;Casa Dogana;0;0;0;
;;30.50.01Rendita casa dogana;0;0;0;
;;30.50.02spese casa dogana;0;0;0;
;;30.50.10Assic. Casa Dogana;0;0;0;
;30.51;Casa Nonna;0;0;0;
;;30.51.10Finanza;0;0;0;
99;;Spese Non Classificate;13.121,03;6.946,97;-6.174,06;
